OrderLineID,OrderID,ProductID,Quantity,UnitPrice,LineTotal
1,1,34,1,29.99,29.99
2,1,33,1,199.99,199.99
3,1,32,1,149.99,149.99
4,1,35,3,24.99,74.97
5,1,36,2,19.99,39.98
6,2,26,1,309.0,309.0
7,2,24,1,349.0,349.0
8,2,22,1,899.0,899.0
9,3,8,2,2.5,5.0
10,3,1,3,12.99,38.97
11,3,3,2,8.99,17.98
12,3,7,3,1.35,4.05
13,3,9,3,1.75,5.25
14,4,21,1,1.0,1.0
15,5,7,2,1.35,2.7
16,5,1,2,12.99,25.98
17,6,31,3,24.99,74.97
18,6,30,1,89.99,89.99
19,6,29,3,39.99,119.97
20,6,27,2,149.99,299.98
21,6,28,3,49.99,149.97
22,7,9,1,1.75,1.75
23,7,6,1,1.2,1.2
24,7,8,2,2.5,5.0
25,7,7,3,1.35,4.05
26,7,3,2,8.99,17.98
27,7,4,1,4.99,4.99
28,8,16,3,2.8,8.4
29,8,13,3,8.99,26.97
30,8,11,3,3.0,9.0
31,8,14,2,4.5,9.0
32,8,17,2,2.0,4.0
33,8,10,2,2.5,5.0
34,8,21,1,1.0,1.0
35,8,7,2,1.35,2.7
36,9,38,3,39.99,119.97
37,9,41,3,119.99,359.97
38,9,39,2,79.99,159.98
39,9,40,1,24.99,24.99
40,10,7,3,1.35,4.05
41,10,21,2,1.0,2.0
42,10,12,1,6.5,6.5
43,10,11,3,3.0,9.0
44,11,25,1,379.0,379.0
45,11,26,1,309.0,309.0
46,11,24,1,349.0,349.0
47,11,22,1,899.0,899.0
48,12,8,3,2.5,7.5
49,12,9,3,1.75,5.25
50,13,27,2,149.99,299.98
51,13,30,1,89.99,89.99
52,14,4,3,4.99,14.97
53,14,15,3,2.25,6.75
54,14,6,3,1.2,3.6
55,14,5,2,3.49,6.98
56,14,8,1,2.5,2.5
57,15,3,3,8.99,26.97
58,15,19,2,1.75,3.5
59,15,5,2,3.49,6.98
60,15,17,3,2.0,6.0
61,15,2,3,5.49,16.47
62,15,1,1,12.99,12.99
63,16,35,3,24.99,74.97
64,17,14,2,4.5,9.0
65,18,41,1,119.99,119.99
66,18,37,3,29.99,89.97
67,18,38,1,39.99,39.99
68,18,39,2,79.99,159.98
69,18,40,2,24.99,49.98
70,19,41,1,119.99,119.99
71,19,38,2,39.99,79.98
72,19,37,1,29.99,29.99
73,20,4,3,4.99,14.97
74,20,2,3,5.49,16.47
75,20,5,2,3.49,6.98
76,20,9,1,1.75,1.75
77,21,11,3,3.0,9.0
78,21,21,2,1.0,2.0
79,21,19,1,1.75,1.75
80,22,8,1,2.5,2.5
81,23,1,3,12.99,38.97
82,23,7,1,1.35,1.35
83,23,3,1,8.99,8.99
84,23,9,2,1.75,3.5
85,23,2,2,5.49,10.98
86,24,5,2,3.49,6.98
87,25,35,3,24.99,74.97
88,25,36,3,19.99,59.97
89,25,33,3,199.99,599.97
90,25,32,1,149.99,149.99
91,26,28,2,49.99,99.98
92,26,31,3,24.99,74.97
93,26,27,3,149.99,449.97
94,26,29,3,39.99,119.97
95,26,30,2,89.99,179.98
96,27,34,3,29.99,89.97
97,27,33,1,199.99,199.99
98,28,8,2,2.5,5.0
99,28,7,3,1.35,4.05
100,28,15,3,2.25,6.75
101,28,6,3,1.2,3.6
102,29,28,3,49.99,149.97
103,29,31,2,24.99,49.98
104,29,27,1,149.99,149.99
105,29,29,3,39.99,119.97
106,30,23,1,449.0,449.0
107,30,25,1,379.0,379.0
108,30,26,1,309.0,309.0
109,30,24,1,349.0,349.0
110,30,22,1,899.0,899.0
111,31,6,3,1.2,3.6
112,32,29,1,39.99,39.99
113,32,30,3,89.99,269.97
114,33,9,2,1.75,3.5
115,34,39,2,79.99,159.98
116,34,37,2,29.99,59.98
117,35,31,2,24.99,49.98
118,35,27,1,149.99,149.99
119,35,30,2,89.99,179.98
120,35,29,2,39.99,79.98
121,35,28,1,49.99,49.99
122,36,4,2,4.99,9.98
123,36,7,2,1.35,2.7
124,36,2,2,5.49,10.98
125,36,5,2,3.49,6.98
126,37,35,1,24.99,24.99
127,37,36,2,19.99,39.98
128,37,32,2,149.99,299.98
129,37,33,2,199.99,399.98
130,37,34,1,29.99,29.99
131,38,14,1,4.5,4.5
132,38,5,2,3.49,6.98
133,38,3,3,8.99,26.97
134,38,4,1,4.99,4.99
135,38,6,2,1.2,2.4
136,39,3,3,8.99,26.97
137,39,6,1,1.2,1.2
138,39,2,1,5.49,5.49
139,39,7,3,1.35,4.05
140,39,5,1,3.49,3.49
141,39,4,1,4.99,4.99
142,39,1,2,12.99,25.98
143,39,9,1,1.75,1.75
144,40,15,3,2.25,6.75
145,40,6,3,1.2,3.6
146,40,1,3,12.99,38.97
147,40,10,2,2.5,5.0
148,41,27,3,149.99,449.97
149,42,27,3,149.99,449.97
150,42,31,1,24.99,24.99
151,43,37,3,29.99,89.97
152,43,39,1,79.99,79.99
153,43,38,3,39.99,119.97
154,43,40,1,24.99,24.99
155,44,18,1,2.0,2.0
156,44,21,2,1.0,2.0
157,44,19,2,1.75,3.5
158,44,1,3,12.99,38.97
159,44,17,2,2.0,4.0
160,44,20,3,6.0,18.0
161,44,2,1,5.49,5.49
162,45,1,3,12.99,38.97
163,45,2,3,5.49,16.47
164,45,6,1,1.2,1.2
165,45,3,1,8.99,8.99
166,45,5,2,3.49,6.98
167,46,29,1,39.99,39.99
168,47,33,1,199.99,199.99
169,47,32,1,149.99,149.99
170,47,34,2,29.99,59.98
171,47,36,1,19.99,19.99
172,48,27,2,149.99,299.98
173,48,29,1,39.99,39.99
174,48,28,2,49.99,99.98
175,49,31,2,24.99,49.98
176,50,23,1,449.0,449.0
177,50,25,1,379.0,379.0
178,50,26,1,309.0,309.0
179,50,24,1,349.0,349.0
180,51,5,2,3.49,6.98
181,51,2,3,5.49,16.47
182,51,8,3,2.5,7.5
183,51,1,3,12.99,38.97
184,51,7,2,1.35,2.7
185,51,4,1,4.99,4.99
186,52,32,1,149.99,149.99
187,52,34,3,29.99,89.97
188,52,33,3,199.99,599.97
189,52,35,1,24.99,24.99
190,53,24,1,349.0,349.0
191,53,26,1,309.0,309.0
192,54,30,1,89.99,89.99
193,54,29,2,39.99,79.98
194,54,28,2,49.99,99.98
195,55,9,2,1.75,3.5
196,55,8,2,2.5,5.0
197,55,10,2,2.5,5.0
198,55,6,2,1.2,2.4
199,55,12,3,6.5,19.5
200,55,11,3,3.0,9.0
201,55,15,1,2.25,2.25
202,55,17,2,2.0,4.0
203,56,24,1,349.0,349.0
204,56,26,1,309.0,309.0
205,56,25,1,379.0,379.0
206,56,23,1,449.0,449.0
207,57,39,3,79.99,239.97
208,57,37,3,29.99,89.97
209,57,41,1,119.99,119.99
210,57,40,3,24.99,74.97
211,58,15,3,2.25,6.75
212,58,19,2,1.75,3.5
213,58,17,1,2.0,2.0
214,58,7,2,1.35,2.7
215,58,12,3,6.5,19.5
216,58,16,1,2.8,2.8
217,58,13,3,8.99,26.97
218,58,8,2,2.5,5.0
219,59,9,1,1.75,1.75
220,59,7,3,1.35,4.05
221,59,5,3,3.49,10.47
222,59,1,2,12.99,25.98
223,59,3,1,8.99,8.99
224,59,6,3,1.2,3.6
225,59,4,3,4.99,14.97
226,60,27,1,149.99,149.99
227,61,31,2,24.99,49.98
228,61,28,1,49.99,49.99
229,61,30,2,89.99,179.98
230,61,27,2,149.99,299.98
231,62,34,3,29.99,89.97
232,62,35,2,24.99,49.98
233,62,32,2,149.99,299.98
234,63,34,1,29.99,29.99
235,64,4,3,4.99,14.97
236,64,20,1,6.0,6.0
237,64,3,2,8.99,17.98
238,65,25,1,379.0,379.0
239,65,26,1,309.0,309.0
240,66,27,3,149.99,449.97
241,66,28,1,49.99,49.99
242,66,31,3,24.99,74.97
243,66,30,1,89.99,89.99
244,67,9,3,1.75,5.25
245,67,10,2,2.5,5.0
246,67,16,3,2.8,8.4
247,67,13,1,8.99,8.99
248,67,14,2,4.5,9.0
249,67,19,2,1.75,3.5
250,67,11,2,3.0,6.0
251,67,12,3,6.5,19.5
252,68,17,2,2.0,4.0
253,68,2,1,5.49,5.49
254,68,4,1,4.99,4.99
255,69,28,3,49.99,149.97
256,69,30,3,89.99,269.97
257,69,31,3,24.99,74.97
258,69,27,3,149.99,449.97
259,69,29,1,39.99,39.99
260,70,25,1,379.0,379.0
261,70,22,1,899.0,899.0
262,70,23,1,449.0,449.0
263,71,31,3,24.99,74.97
264,71,30,2,89.99,179.98
265,71,28,2,49.99,99.98
266,71,29,1,39.99,39.99
267,71,27,1,149.99,149.99
268,72,41,1,119.99,119.99
269,72,39,2,79.99,159.98
270,73,5,2,3.49,6.98
271,73,20,3,6.0,18.0
272,74,9,2,1.75,3.5
273,74,17,2,2.0,4.0
274,74,19,2,1.75,3.5
275,74,16,1,2.8,2.8
276,74,21,2,1.0,2.0
277,74,10,1,2.5,2.5
278,74,6,1,1.2,1.2
279,75,31,1,24.99,24.99
280,75,28,1,49.99,49.99
281,76,24,1,349.0,349.0
282,76,26,1,309.0,309.0
283,76,25,1,379.0,379.0
284,77,5,1,3.49,3.49
285,77,12,3,6.5,19.5
286,77,14,2,4.5,9.0
287,77,3,1,8.99,8.99
288,77,4,3,4.99,14.97
289,78,30,2,89.99,179.98
290,78,27,3,149.99,449.97
291,78,29,3,39.99,119.97
292,78,31,2,24.99,49.98
293,79,32,1,149.99,149.99
294,79,36,3,19.99,59.97
295,79,34,2,29.99,59.98
296,79,33,1,199.99,199.99
297,79,35,2,24.99,49.98
298,80,41,2,119.99,239.98
299,80,38,2,39.99,79.98
300,80,39,3,79.99,239.97
301,81,6,2,1.2,2.4
302,81,8,1,2.5,2.5
303,82,39,3,79.99,239.97
304,82,37,2,29.99,59.98
305,83,10,3,2.5,7.5
306,83,12,1,6.5,6.5
307,83,15,1,2.25,2.25
308,83,13,1,8.99,8.99
309,83,4,2,4.99,9.98
310,83,7,1,1.35,1.35
311,83,2,1,5.49,5.49
312,84,35,3,24.99,74.97
313,85,2,2,5.49,10.98
314,85,17,2,2.0,4.0
315,86,21,3,1.0,3.0
316,87,26,1,309.0,309.0
317,87,25,1,379.0,379.0
318,87,22,1,899.0,899.0
319,87,24,1,349.0,349.0
320,88,30,1,89.99,89.99
321,88,29,2,39.99,79.98
322,88,27,3,149.99,449.97
323,89,41,3,119.99,359.97
324,89,38,2,39.99,79.98
325,90,2,1,5.49,5.49
326,90,4,2,4.99,9.98
327,90,8,2,2.5,5.0
328,90,6,1,1.2,1.2
329,90,5,2,3.49,6.98
330,90,1,3,12.99,38.97
331,90,3,2,8.99,17.98
332,91,21,1,1.0,1.0
333,92,29,3,39.99,119.97
334,92,30,3,89.99,269.97
335,92,28,3,49.99,149.97
336,92,31,3,24.99,74.97
337,92,27,1,149.99,149.99
338,93,16,3,2.8,8.4
339,93,12,3,6.5,19.5
340,93,15,3,2.25,6.75
341,94,13,1,8.99,8.99
342,95,6,3,1.2,3.6
343,95,2,1,5.49,5.49
344,95,1,1,12.99,12.99
345,95,12,2,6.5,13.0
346,95,3,2,8.99,17.98
347,96,22,1,899.0,899.0
348,96,26,1,309.0,309.0
349,96,23,1,449.0,449.0
350,97,37,2,29.99,59.98
351,97,40,3,24.99,74.97
352,97,38,1,39.99,39.99
353,97,39,2,79.99,159.98
354,97,41,1,119.99,119.99
355,98,20,1,6.0,6.0
356,98,1,1,12.99,12.99
357,98,21,1,1.0,1.0
358,98,18,2,2.0,4.0
359,99,29,2,39.99,79.98
360,99,28,3,49.99,149.97
361,100,3,1,8.99,8.99
362,101,5,1,3.49,3.49
363,101,21,2,1.0,2.0
364,101,17,3,2.0,6.0
365,101,1,2,12.99,25.98
366,101,20,3,6.0,18.0
367,101,4,3,4.99,14.97
368,101,18,1,2.0,2.0
369,101,2,2,5.49,10.98
370,102,6,1,1.2,1.2
371,102,20,1,6.0,6.0
372,102,12,3,6.5,19.5
373,103,10,1,2.5,2.5
374,103,2,1,5.49,5.49
375,103,4,3,4.99,14.97
376,103,9,2,1.75,3.5
377,103,14,1,4.5,4.5
378,103,7,1,1.35,1.35
379,103,8,1,2.5,2.5
380,104,2,3,5.49,16.47
381,104,3,2,8.99,17.98
382,105,14,3,4.5,13.5
383,105,19,3,1.75,5.25
384,105,11,2,3.0,6.0
385,105,18,2,2.0,4.0
386,105,12,2,6.5,13.0
387,106,22,1,899.0,899.0
388,106,23,1,449.0,449.0
389,106,26,1,309.0,309.0
390,106,24,1,349.0,349.0
391,106,25,1,379.0,379.0
392,107,35,2,24.99,49.98
393,107,34,2,29.99,59.98
394,108,11,1,3.0,3.0
395,108,3,2,8.99,17.98
396,108,2,2,5.49,10.98
397,108,12,3,6.5,19.5
398,109,15,1,2.25,2.25
399,109,9,1,1.75,1.75
400,109,12,1,6.5,6.5
401,109,16,1,2.8,2.8
402,109,4,1,4.99,4.99
403,109,2,1,5.49,5.49
404,109,8,1,2.5,2.5
405,110,37,1,29.99,29.99
406,111,2,2,5.49,10.98
407,111,1,3,12.99,38.97
408,111,19,2,1.75,3.5
409,111,20,2,6.0,12.0
410,111,21,1,1.0,1.0
411,111,5,2,3.49,6.98
412,112,24,1,349.0,349.0
413,112,25,1,379.0,379.0
414,112,22,1,899.0,899.0
415,113,9,2,1.75,3.5
416,113,8,1,2.5,2.5
417,113,1,3,12.99,38.97
418,113,7,3,1.35,4.05
419,113,3,1,8.99,8.99
420,113,4,3,4.99,14.97
421,113,6,3,1.2,3.6
422,114,6,1,1.2,1.2
423,114,9,2,1.75,3.5
424,114,4,1,4.99,4.99
425,114,3,2,8.99,17.98
426,114,2,3,5.49,16.47
427,114,1,2,12.99,25.98
428,114,5,3,3.49,10.47
429,114,7,1,1.35,1.35
430,115,37,1,29.99,29.99
431,115,38,1,39.99,39.99
432,115,39,1,79.99,79.99
433,115,40,3,24.99,74.97
434,115,41,2,119.99,239.98
435,116,5,2,3.49,6.98
436,116,10,1,2.5,2.5
437,116,4,2,4.99,9.98
438,116,13,1,8.99,8.99
439,116,8,1,2.5,2.5
440,116,9,1,1.75,1.75
441,117,6,3,1.2,3.6
442,118,32,1,149.99,149.99
443,119,34,3,29.99,89.97
444,120,34,3,29.99,89.97
445,120,33,2,199.99,399.98
446,120,32,3,149.99,449.97
447,121,36,2,19.99,39.98
448,121,33,2,199.99,399.98
449,122,2,1,5.49,5.49
450,122,3,2,8.99,17.98
451,122,10,1,2.5,2.5
452,122,6,2,1.2,2.4
453,122,14,3,4.5,13.5
454,122,4,1,4.99,4.99
455,122,12,1,6.5,6.5
456,123,32,3,149.99,449.97
457,123,34,1,29.99,29.99
458,123,36,2,19.99,39.98
459,123,35,2,24.99,49.98
460,124,3,2,8.99,17.98
461,124,7,3,1.35,4.05
462,124,4,3,4.99,14.97
463,124,8,3,2.5,7.5
464,124,9,1,1.75,1.75
465,124,6,1,1.2,1.2
466,124,1,2,12.99,25.98
467,125,32,1,149.99,149.99
468,125,36,2,19.99,39.98
469,125,33,1,199.99,199.99
470,126,7,3,1.35,4.05
471,127,4,2,4.99,9.98
472,127,21,3,1.0,3.0
473,127,18,2,2.0,4.0
474,127,17,2,2.0,4.0
475,127,5,1,3.49,3.49
476,127,19,1,1.75,1.75
477,128,35,1,24.99,24.99
478,129,6,2,1.2,2.4
479,129,11,1,3.0,3.0
480,129,5,2,3.49,6.98
481,129,2,2,5.49,10.98
482,130,29,2,39.99,79.98
483,130,30,1,89.99,89.99
484,131,39,1,79.99,79.99
485,131,37,3,29.99,89.97
486,132,28,3,49.99,149.97
487,132,27,1,149.99,149.99
488,132,31,2,24.99,49.98
489,132,29,2,39.99,79.98
490,132,30,1,89.99,89.99
491,133,25,1,379.0,379.0
492,134,7,3,1.35,4.05
493,134,12,2,6.5,13.0
494,134,21,1,1.0,1.0
495,135,37,3,29.99,89.97
496,135,41,2,119.99,239.98
497,135,38,3,39.99,119.97
498,136,4,1,4.99,4.99
499,136,7,1,1.35,1.35
500,136,3,3,8.99,26.97
501,136,14,1,4.5,4.5
502,136,10,2,2.5,5.0
503,136,12,3,6.5,19.5
504,136,11,2,3.0,6.0
505,137,3,2,8.99,17.98
506,138,32,2,149.99,299.98
507,138,35,2,24.99,49.98
508,139,4,2,4.99,9.98
509,139,3,3,8.99,26.97
510,140,19,2,1.75,3.5
511,140,4,3,4.99,14.97
512,140,18,2,2.0,4.0
513,140,17,1,2.0,2.0
514,141,31,1,24.99,24.99
515,141,27,1,149.99,149.99
516,142,20,1,6.0,6.0
517,143,2,2,5.49,10.98
518,143,1,3,12.99,38.97
519,143,9,3,1.75,5.25
520,143,3,2,8.99,17.98
521,143,4,2,4.99,9.98
522,143,5,1,3.49,3.49
523,143,8,2,2.5,5.0
524,144,28,3,49.99,149.97
525,145,14,1,4.5,4.5
526,145,16,3,2.8,8.4
527,145,12,1,6.5,6.5
528,145,21,2,1.0,2.0
529,146,15,2,2.25,4.5
530,146,17,2,2.0,4.0
531,146,20,2,6.0,12.0
532,146,16,2,2.8,5.6
533,146,10,2,2.5,5.0
534,147,27,2,149.99,299.98
535,147,31,3,24.99,74.97
536,147,29,1,39.99,39.99
537,147,28,2,49.99,99.98
538,147,30,1,89.99,89.99
539,148,39,3,79.99,239.97
540,148,38,1,39.99,39.99
541,148,37,1,29.99,29.99
542,149,25,1,379.0,379.0
543,150,27,3,149.99,449.97
544,150,28,3,49.99,149.97
545,150,30,3,89.99,269.97
546,150,31,2,24.99,49.98
547,151,23,1,449.0,449.0
548,151,24,1,349.0,349.0
549,151,22,1,899.0,899.0
550,151,26,1,309.0,309.0
551,151,25,1,379.0,379.0
552,152,17,2,2.0,4.0
553,152,4,2,4.99,9.98
554,152,5,2,3.49,6.98
555,152,20,3,6.0,18.0
556,153,4,1,4.99,4.99
557,153,20,1,6.0,6.0
558,153,2,1,5.49,5.49
559,153,18,1,2.0,2.0
560,153,17,2,2.0,4.0
561,153,21,2,1.0,2.0
562,153,3,3,8.99,26.97
563,153,19,2,1.75,3.5
564,154,3,2,8.99,17.98
565,154,6,1,1.2,1.2
566,154,8,1,2.5,2.5
567,154,1,3,12.99,38.97
568,154,7,1,1.35,1.35
569,154,4,2,4.99,9.98
570,155,30,1,89.99,89.99
571,155,31,1,24.99,24.99
572,155,28,3,49.99,149.97
573,155,29,1,39.99,39.99
574,156,6,3,1.2,3.6
575,157,37,3,29.99,89.97
576,157,40,3,24.99,74.97
577,158,40,3,24.99,74.97
578,158,39,1,79.99,79.99
579,158,38,2,39.99,79.98
580,159,22,1,899.0,899.0
581,159,23,1,449.0,449.0
582,159,26,1,309.0,309.0
583,159,24,1,349.0,349.0
584,160,24,1,349.0,349.0
585,161,4,3,4.99,14.97
586,162,30,2,89.99,179.98
587,162,27,3,149.99,449.97
588,162,29,1,39.99,39.99
589,162,28,1,49.99,49.99
590,163,21,3,1.0,3.0
591,163,3,3,8.99,26.97
592,163,18,3,2.0,6.0
593,163,19,1,1.75,1.75
594,163,1,2,12.99,25.98
595,164,12,1,6.5,6.5
596,164,11,1,3.0,3.0
597,164,17,3,2.0,6.0
598,164,21,2,1.0,2.0
599,164,10,1,2.5,2.5
600,165,3,1,8.99,8.99
601,166,5,2,3.49,6.98
602,166,4,2,4.99,9.98
603,167,12,3,6.5,19.5
604,167,13,1,8.99,8.99
605,167,11,1,3.0,3.0
606,167,6,1,1.2,1.2
607,167,7,1,1.35,1.35
608,168,2,1,5.49,5.49
609,168,6,2,1.2,2.4
610,168,7,2,1.35,2.7
611,168,3,2,8.99,17.98
612,168,9,2,1.75,3.5
613,169,23,1,449.0,449.0
614,170,21,3,1.0,3.0
615,170,19,1,1.75,1.75
616,170,20,3,6.0,18.0
617,170,2,3,5.49,16.47
618,170,5,1,3.49,3.49
619,170,4,2,4.99,9.98
620,170,3,2,8.99,17.98
621,171,17,3,2.0,6.0
622,171,1,3,12.99,38.97
623,171,4,3,4.99,14.97
624,171,21,3,1.0,3.0
625,171,3,3,8.99,26.97
626,172,31,1,24.99,24.99
627,172,27,3,149.99,449.97
628,173,25,1,379.0,379.0
629,174,13,1,8.99,8.99
630,174,7,2,1.35,2.7
631,174,14,2,4.5,9.0
632,174,4,3,4.99,14.97
633,175,1,3,12.99,38.97
634,175,2,3,5.49,16.47
635,175,18,3,2.0,6.0
636,175,4,2,4.99,9.98
637,175,21,3,1.0,3.0
638,175,5,3,3.49,10.47
639,175,17,1,2.0,2.0
640,175,19,3,1.75,5.25
641,176,16,1,2.8,2.8
642,176,14,1,4.5,4.5
643,176,18,3,2.0,6.0
644,176,15,1,2.25,2.25
645,176,19,1,1.75,1.75
646,176,13,2,8.99,17.98
647,176,11,2,3.0,6.0
648,176,21,3,1.0,3.0
649,177,32,1,149.99,149.99
650,178,9,1,1.75,1.75
651,178,20,2,6.0,12.0
652,178,19,1,1.75,1.75
653,178,12,3,6.5,19.5
654,179,19,2,1.75,3.5
655,179,20,3,6.0,18.0
656,179,3,2,8.99,17.98
657,179,4,3,4.99,14.97
658,179,1,1,12.99,12.99
659,179,5,3,3.49,10.47
660,179,17,3,2.0,6.0
661,179,21,1,1.0,1.0
662,180,35,2,24.99,49.98
663,180,36,2,19.99,39.98
664,180,34,2,29.99,59.98
665,180,32,2,149.99,299.98
666,180,33,1,199.99,199.99
667,181,33,3,199.99,599.97
668,181,36,1,19.99,19.99
669,181,32,3,149.99,449.97
670,181,35,3,24.99,74.97
671,181,34,1,29.99,29.99
672,182,35,1,24.99,24.99
673,182,36,3,19.99,59.97
674,182,34,1,29.99,29.99
675,182,33,1,199.99,199.99
676,182,32,2,149.99,299.98
677,183,24,1,349.0,349.0
678,183,23,1,449.0,449.0
679,183,22,1,899.0,899.0
680,184,15,1,2.25,2.25
681,184,2,3,5.49,16.47
682,184,10,3,2.5,7.5
683,184,11,3,3.0,9.0
684,184,12,2,6.5,13.0
685,184,9,1,1.75,1.75
686,185,30,1,89.99,89.99
687,185,29,3,39.99,119.97
688,185,31,2,24.99,49.98
689,185,27,1,149.99,149.99
690,186,36,2,19.99,39.98
691,186,33,1,199.99,199.99
692,186,34,3,29.99,89.97
693,186,32,1,149.99,149.99
694,186,35,1,24.99,24.99
695,187,31,1,24.99,24.99
696,187,29,3,39.99,119.97
697,187,27,2,149.99,299.98
698,188,11,3,3.0,9.0
699,188,10,3,2.5,7.5
700,188,1,3,12.99,38.97
701,189,8,1,2.5,2.5
702,189,18,2,2.0,4.0
703,189,14,3,4.5,13.5
704,190,16,2,2.8,5.6
705,190,11,3,3.0,9.0
706,190,10,3,2.5,7.5
707,190,9,1,1.75,1.75
708,190,15,1,2.25,2.25
709,190,14,3,4.5,13.5
710,191,16,2,2.8,5.6
711,192,41,2,119.99,239.98
712,193,39,1,79.99,79.99
713,193,37,1,29.99,29.99
714,194,19,3,1.75,5.25
715,194,21,3,1.0,3.0
716,194,7,3,1.35,4.05
717,194,9,2,1.75,3.5
718,195,11,1,3.0,3.0
719,195,1,3,12.99,38.97
720,195,2,1,5.49,5.49
721,195,14,2,4.5,9.0
722,195,15,2,2.25,4.5
723,195,3,2,8.99,17.98
724,195,5,2,3.49,6.98
725,195,9,3,1.75,5.25
726,196,21,1,1.0,1.0
727,197,32,2,149.99,299.98
728,197,34,2,29.99,59.98
729,197,35,2,24.99,49.98
730,197,33,2,199.99,399.98
731,197,36,3,19.99,59.97
732,198,26,1,309.0,309.0
733,198,24,1,349.0,349.0
734,198,25,1,379.0,379.0
735,198,22,1,899.0,899.0
736,199,22,1,899.0,899.0
737,200,4,3,4.99,14.97
738,200,17,1,2.0,2.0
739,200,21,1,1.0,1.0
740,200,19,1,1.75,1.75
741,200,20,1,6.0,6.0
742,201,22,1,899.0,899.0
743,201,25,1,379.0,379.0
744,201,24,1,349.0,349.0
745,201,26,1,309.0,309.0
746,201,23,1,449.0,449.0
747,202,6,2,1.2,2.4
748,202,3,3,8.99,26.97
749,202,9,1,1.75,1.75
750,202,7,1,1.35,1.35
751,202,2,2,5.49,10.98
752,202,1,2,12.99,25.98
753,203,26,1,309.0,309.0
754,203,24,1,349.0,349.0
755,203,23,1,449.0,449.0
756,203,25,1,379.0,379.0
757,203,22,1,899.0,899.0
758,204,29,3,39.99,119.97
759,204,28,2,49.99,99.98
760,204,31,2,24.99,49.98
761,205,3,2,8.99,17.98
762,205,2,1,5.49,5.49
763,206,20,3,6.0,18.0
764,207,14,3,4.5,13.5
765,208,33,3,199.99,599.97
766,208,34,3,29.99,89.97
767,208,32,1,149.99,149.99
768,208,36,2,19.99,39.98
769,209,23,1,449.0,449.0
770,209,25,1,379.0,379.0
771,209,22,1,899.0,899.0
772,209,24,1,349.0,349.0
773,209,26,1,309.0,309.0
774,210,16,2,2.8,5.6
775,210,4,1,4.99,4.99
776,210,2,1,5.49,5.49
777,210,5,3,3.49,10.47
778,211,1,3,12.99,38.97
779,212,25,1,379.0,379.0
780,212,24,1,349.0,349.0
781,212,26,1,309.0,309.0
782,212,22,1,899.0,899.0
783,213,29,3,39.99,119.97
784,213,30,1,89.99,89.99
785,213,28,3,49.99,149.97
786,214,4,3,4.99,14.97
787,214,3,3,8.99,26.97
788,214,20,1,6.0,6.0
789,214,2,3,5.49,16.47
790,214,19,1,1.75,1.75
791,215,8,1,2.5,2.5
792,215,4,3,4.99,14.97
793,215,5,3,3.49,10.47
794,215,2,1,5.49,5.49
795,215,9,1,1.75,1.75
796,215,1,3,12.99,38.97
797,215,7,3,1.35,4.05
798,215,3,1,8.99,8.99
799,216,41,3,119.99,359.97
800,216,40,3,24.99,74.97
801,217,21,3,1.0,3.0
802,217,19,1,1.75,1.75
803,217,13,3,8.99,26.97
804,217,8,3,2.5,7.5
805,217,9,3,1.75,5.25
806,217,12,2,6.5,13.0
807,217,15,1,2.25,2.25
808,217,18,3,2.0,6.0
809,218,18,1,2.0,2.0
810,218,21,1,1.0,1.0
811,218,3,3,8.99,26.97
812,218,1,3,12.99,38.97
813,219,26,1,309.0,309.0
814,219,22,1,899.0,899.0
815,219,24,1,349.0,349.0
816,219,25,1,379.0,379.0
817,220,14,1,4.5,4.5
818,220,6,2,1.2,2.4
819,220,16,2,2.8,5.6
820,220,1,2,12.99,25.98
821,220,12,3,6.5,19.5
822,220,9,3,1.75,5.25
823,220,7,3,1.35,4.05
824,221,2,2,5.49,10.98
825,221,5,2,3.49,6.98
826,221,8,1,2.5,2.5
827,221,7,1,1.35,1.35
828,222,18,3,2.0,6.0
829,223,18,3,2.0,6.0
830,223,5,2,3.49,6.98
831,223,20,3,6.0,18.0
832,224,21,2,1.0,2.0
833,224,8,3,2.5,7.5
834,224,11,2,3.0,6.0
835,224,14,3,4.5,13.5
836,224,18,2,2.0,4.0
837,224,13,3,8.99,26.97
838,224,10,1,2.5,2.5
839,225,2,2,5.49,10.98
840,225,4,2,4.99,9.98
841,225,5,3,3.49,10.47
842,226,5,3,3.49,10.47
843,226,8,2,2.5,5.0
844,227,18,2,2.0,4.0
845,228,16,1,2.8,2.8
846,228,8,3,2.5,7.5
847,228,1,3,12.99,38.97
848,229,7,3,1.35,4.05
849,229,11,1,3.0,3.0
850,229,9,1,1.75,1.75
851,230,35,3,24.99,74.97
852,230,33,3,199.99,599.97
853,230,34,1,29.99,29.99
854,230,32,1,149.99,149.99
855,231,20,1,6.0,6.0
856,231,21,2,1.0,2.0
857,231,12,1,6.5,6.5
858,231,15,2,2.25,4.5
859,232,36,2,19.99,39.98
860,233,30,3,89.99,269.97
861,233,28,1,49.99,49.99
862,233,31,2,24.99,49.98
863,233,29,1,39.99,39.99
864,233,27,2,149.99,299.98
865,234,34,1,29.99,29.99
866,234,32,2,149.99,299.98
867,234,36,1,19.99,19.99
868,234,33,2,199.99,399.98
869,235,24,1,349.0,349.0
870,235,26,1,309.0,309.0
871,235,22,1,899.0,899.0
872,235,23,1,449.0,449.0
873,236,14,1,4.5,4.5
874,236,9,3,1.75,5.25
875,236,20,2,6.0,12.0
876,236,19,1,1.75,1.75
877,237,9,1,1.75,1.75
878,238,8,2,2.5,5.0
879,238,3,1,8.99,8.99
880,238,7,3,1.35,4.05
881,238,5,1,3.49,3.49
882,238,9,1,1.75,1.75
883,239,13,1,8.99,8.99
884,239,14,3,4.5,13.5
885,239,11,3,3.0,9.0
886,239,16,2,2.8,5.6
887,239,3,2,8.99,17.98
888,239,8,3,2.5,7.5
889,240,17,2,2.0,4.0
890,240,5,2,3.49,6.98
891,240,3,3,8.99,26.97
892,240,20,2,6.0,12.0
893,240,19,2,1.75,3.5
894,240,2,1,5.49,5.49
895,241,34,3,29.99,89.97
896,241,35,3,24.99,74.97
897,241,32,1,149.99,149.99
898,241,36,1,19.99,19.99
899,242,28,2,49.99,99.98
900,242,31,1,24.99,24.99
901,243,34,2,29.99,59.98
902,243,36,1,19.99,19.99
903,243,35,3,24.99,74.97
904,243,32,1,149.99,149.99
905,244,5,2,3.49,6.98
906,244,6,1,1.2,1.2
907,244,3,2,8.99,17.98
908,244,9,1,1.75,1.75
909,244,8,2,2.5,5.0
910,244,7,3,1.35,4.05
911,245,24,1,349.0,349.0
912,245,26,1,309.0,309.0
913,245,25,1,379.0,379.0
914,246,29,3,39.99,119.97
915,246,30,2,89.99,179.98
916,246,31,2,24.99,49.98
917,246,27,3,149.99,449.97
918,246,28,3,49.99,149.97
919,247,34,3,29.99,89.97
920,247,36,2,19.99,39.98
921,248,36,1,19.99,19.99
922,248,35,1,24.99,24.99
923,248,33,3,199.99,599.97
924,248,32,1,149.99,149.99
925,248,34,3,29.99,89.97
926,249,27,1,149.99,149.99
927,250,3,2,8.99,17.98
928,250,2,1,5.49,5.49
929,250,5,1,3.49,3.49
930,250,10,3,2.5,7.5
931,250,16,2,2.8,5.6
932,250,15,2,2.25,4.5
933,250,7,3,1.35,4.05
934,251,35,2,24.99,49.98
935,251,36,3,19.99,59.97
936,251,34,2,29.99,59.98
937,252,9,2,1.75,3.5
938,252,5,2,3.49,6.98
939,252,3,2,8.99,17.98
940,252,4,2,4.99,9.98
941,252,8,2,2.5,5.0
942,252,2,1,5.49,5.49
943,252,1,2,12.99,25.98
944,253,8,2,2.5,5.0
945,254,17,1,2.0,2.0
946,255,25,1,379.0,379.0
947,255,23,1,449.0,449.0
948,255,26,1,309.0,309.0
949,255,22,1,899.0,899.0
950,256,41,1,119.99,119.99
951,256,39,1,79.99,79.99
952,256,38,1,39.99,39.99
953,257,8,1,2.5,2.5
954,257,4,3,4.99,14.97
955,257,3,1,8.99,8.99
956,257,1,1,12.99,12.99
957,257,2,1,5.49,5.49
958,258,3,1,8.99,8.99
959,258,16,2,2.8,5.6
960,258,1,2,12.99,25.98
961,258,8,2,2.5,5.0
962,259,3,2,8.99,17.98
963,259,14,1,4.5,4.5
964,259,13,3,8.99,26.97
965,259,16,2,2.8,5.6
966,259,1,1,12.99,12.99
967,259,5,1,3.49,3.49
968,260,8,2,2.5,5.0
969,260,7,1,1.35,1.35
970,261,19,1,1.75,1.75
971,261,18,3,2.0,6.0
972,261,5,3,3.49,10.47
973,261,3,1,8.99,8.99
974,262,39,3,79.99,239.97
975,262,37,1,29.99,29.99
976,263,33,2,199.99,399.98
977,264,16,3,2.8,8.4
978,265,21,3,1.0,3.0
979,265,7,2,1.35,2.7
980,265,16,3,2.8,8.4
981,266,19,3,1.75,5.25
982,266,4,3,4.99,14.97
983,266,17,2,2.0,4.0
984,267,12,3,6.5,19.5
985,267,16,2,2.8,5.6
986,267,3,3,8.99,26.97
987,267,5,3,3.49,10.47
988,267,1,2,12.99,25.98
989,267,8,1,2.5,2.5
990,267,11,3,3.0,9.0
991,268,41,2,119.99,239.98
992,268,38,2,39.99,79.98
993,268,37,3,29.99,89.97
994,268,39,2,79.99,159.98
995,268,40,2,24.99,49.98
996,269,8,2,2.5,5.0
997,269,6,1,1.2,1.2
998,269,12,3,6.5,19.5
999,269,2,3,5.49,16.47
1000,269,11,2,3.0,6.0
1001,269,9,3,1.75,5.25
1002,270,32,3,149.99,449.97
1003,271,23,1,449.0,449.0
1004,272,31,1,24.99,24.99
1005,272,29,3,39.99,119.97
1006,272,27,3,149.99,449.97
1007,272,28,1,49.99,49.99
1008,273,1,1,12.99,12.99
1009,273,17,3,2.0,6.0
1010,273,18,1,2.0,2.0
1011,273,19,2,1.75,3.5
1012,273,3,1,8.99,8.99
1013,273,21,1,1.0,1.0
1014,273,20,3,6.0,18.0
1015,273,4,1,4.99,4.99
1016,274,13,3,8.99,26.97
1017,274,15,3,2.25,6.75
1018,274,16,3,2.8,8.4
1019,274,8,2,2.5,5.0
1020,275,28,1,49.99,49.99
1021,276,6,3,1.2,3.6
1022,276,9,2,1.75,3.5
1023,276,7,3,1.35,4.05
1024,276,3,1,8.99,8.99
1025,276,4,3,4.99,14.97
1026,276,5,3,3.49,10.47
1027,277,1,1,12.99,12.99
1028,277,9,2,1.75,3.5
1029,277,3,1,8.99,8.99
1030,277,5,1,3.49,3.49
1031,277,8,2,2.5,5.0
1032,277,2,1,5.49,5.49
1033,277,4,3,4.99,14.97
1034,278,3,1,8.99,8.99
1035,278,9,2,1.75,3.5
1036,278,8,2,2.5,5.0
1037,278,7,1,1.35,1.35
1038,278,5,3,3.49,10.47
1039,278,2,2,5.49,10.98
1040,279,33,3,199.99,599.97
1041,279,35,3,24.99,74.97
1042,279,34,2,29.99,59.98
1043,279,32,1,149.99,149.99
1044,280,35,1,24.99,24.99
1045,280,36,3,19.99,59.97
1046,280,32,3,149.99,449.97
1047,281,2,2,5.49,10.98
1048,281,6,3,1.2,3.6
1049,281,9,3,1.75,5.25
1050,281,10,1,2.5,2.5
1051,281,3,1,8.99,8.99
1052,282,18,1,2.0,2.0
1053,282,5,2,3.49,6.98
1054,282,21,1,1.0,1.0
1055,282,2,2,5.49,10.98
1056,283,40,3,24.99,74.97
1057,284,8,1,2.5,2.5
1058,284,7,3,1.35,4.05
1059,284,6,3,1.2,3.6
1060,284,5,3,3.49,10.47
1061,285,31,3,24.99,74.97
1062,285,27,2,149.99,299.98
1063,285,30,2,89.99,179.98
1064,286,6,3,1.2,3.6
1065,286,16,1,2.8,2.8
1066,286,10,2,2.5,5.0
1067,286,13,1,8.99,8.99
1068,286,8,1,2.5,2.5
1069,287,4,3,4.99,14.97
1070,288,19,3,1.75,5.25
1071,288,21,3,1.0,3.0
1072,288,1,1,12.99,12.99
1073,288,3,1,8.99,8.99
1074,288,2,3,5.49,16.47
1075,289,25,1,379.0,379.0
1076,290,7,1,1.35,1.35
1077,290,13,2,8.99,17.98
1078,290,12,3,6.5,19.5
1079,290,10,1,2.5,2.5
1080,290,5,1,3.49,3.49
1081,291,5,3,3.49,10.47
1082,292,36,3,19.99,59.97
1083,292,32,2,149.99,299.98
1084,292,35,3,24.99,74.97
1085,292,34,3,29.99,89.97
1086,293,40,1,24.99,24.99
1087,293,41,1,119.99,119.99
1088,293,39,2,79.99,159.98
1089,294,7,3,1.35,4.05
1090,294,16,2,2.8,5.6
1091,294,10,1,2.5,2.5
1092,294,12,1,6.5,6.5
1093,294,6,2,1.2,2.4
1094,295,13,2,8.99,17.98
1095,295,15,3,2.25,6.75
1096,295,8,1,2.5,2.5
1097,295,12,1,6.5,6.5
1098,295,10,3,2.5,7.5
1099,295,20,1,6.0,6.0
1100,295,11,3,3.0,9.0
1101,296,38,1,39.99,39.99
1102,296,40,3,24.99,74.97
1103,296,37,3,29.99,89.97
1104,296,39,3,79.99,239.97
1105,296,41,1,119.99,119.99
1106,297,35,1,24.99,24.99
1107,297,34,1,29.99,29.99
1108,297,33,1,199.99,199.99
1109,297,36,1,19.99,19.99
1110,298,13,1,8.99,8.99
1111,298,16,3,2.8,8.4
1112,298,6,2,1.2,2.4
1113,298,11,1,3.0,3.0
1114,299,25,1,379.0,379.0
1115,299,26,1,309.0,309.0
1116,299,22,1,899.0,899.0
1117,299,24,1,349.0,349.0
1118,300,38,1,39.99,39.99
1119,300,41,2,119.99,239.98
1120,300,37,3,29.99,89.97
1121,300,39,2,79.99,159.98
1122,301,27,2,149.99,299.98
1123,301,30,3,89.99,269.97
1124,301,29,3,39.99,119.97
1125,301,28,3,49.99,149.97
1126,302,1,3,12.99,38.97
1127,302,4,3,4.99,14.97
1128,302,5,1,3.49,3.49
1129,302,7,1,1.35,1.35
1130,302,8,2,2.5,5.0
1131,302,9,2,1.75,3.5
1132,302,3,2,8.99,17.98
1133,302,2,2,5.49,10.98
1134,303,31,3,24.99,74.97
1135,303,27,1,149.99,149.99
1136,303,29,2,39.99,79.98
1137,304,21,2,1.0,2.0
1138,304,20,2,6.0,12.0
1139,304,3,2,8.99,17.98
1140,305,8,1,2.5,2.5
1141,305,10,3,2.5,7.5
1142,305,11,2,3.0,6.0
1143,305,17,3,2.0,6.0
1144,305,16,2,2.8,5.6
1145,305,21,1,1.0,1.0
1146,305,7,3,1.35,4.05
1147,305,15,3,2.25,6.75
1148,306,28,2,49.99,99.98
1149,307,25,1,379.0,379.0
1150,308,4,1,4.99,4.99
1151,308,1,2,12.99,25.98
1152,308,5,2,3.49,6.98
1153,309,21,1,1.0,1.0
1154,309,13,3,8.99,26.97
1155,309,12,3,6.5,19.5
1156,309,20,1,6.0,6.0
1157,310,11,1,3.0,3.0
1158,311,11,2,3.0,6.0
1159,311,15,1,2.25,2.25
1160,311,2,1,5.49,5.49
1161,311,1,3,12.99,38.97
1162,311,14,2,4.5,9.0
1163,312,32,2,149.99,299.98
1164,313,27,3,149.99,449.97
1165,313,29,2,39.99,79.98
1166,313,28,2,49.99,99.98
1167,313,31,3,24.99,74.97
1168,313,30,2,89.99,179.98
1169,314,19,2,1.75,3.5
1170,314,5,3,3.49,10.47
1171,315,36,3,19.99,59.97
1172,315,35,3,24.99,74.97
1173,316,12,3,6.5,19.5
1174,316,6,1,1.2,1.2
1175,316,7,3,1.35,4.05
1176,316,20,1,6.0,6.0
1177,316,13,3,8.99,26.97
1178,317,33,2,199.99,399.98
1179,317,32,1,149.99,149.99
1180,317,34,2,29.99,59.98
1181,317,35,2,24.99,49.98
1182,317,36,3,19.99,59.97
1183,318,36,2,19.99,39.98
1184,318,32,2,149.99,299.98
1185,318,35,3,24.99,74.97
1186,318,34,2,29.99,59.98
1187,319,8,2,2.5,5.0
1188,319,6,3,1.2,3.6
1189,319,4,1,4.99,4.99
1190,320,11,1,3.0,3.0
1191,320,13,1,8.99,8.99
1192,320,15,2,2.25,4.5
1193,320,6,1,1.2,1.2
1194,321,26,1,309.0,309.0
1195,321,25,1,379.0,379.0
1196,321,22,1,899.0,899.0
1197,321,24,1,349.0,349.0
1198,321,23,1,449.0,449.0
1199,322,37,2,29.99,59.98
1200,322,40,2,24.99,49.98
1201,322,41,1,119.99,119.99
1202,322,38,3,39.99,119.97
1203,323,20,1,6.0,6.0
1204,323,14,2,4.5,9.0
1205,324,6,3,1.2,3.6
1206,324,3,1,8.99,8.99
1207,324,7,1,1.35,1.35
1208,324,1,3,12.99,38.97
1209,324,5,1,3.49,3.49
1210,325,11,1,3.0,3.0
1211,325,8,1,2.5,2.5
1212,326,39,1,79.99,79.99
1213,326,38,2,39.99,79.98
1214,327,3,3,8.99,26.97
1215,327,21,3,1.0,3.0
1216,327,5,3,3.49,10.47
1217,327,1,1,12.99,12.99
1218,327,18,1,2.0,2.0
1219,328,38,3,39.99,119.97
1220,328,41,2,119.99,239.98
1221,328,37,1,29.99,29.99
1222,328,40,1,24.99,24.99
1223,328,39,1,79.99,79.99
1224,329,14,1,4.5,4.5
1225,329,7,3,1.35,4.05
1226,330,38,3,39.99,119.97
1227,330,37,1,29.99,29.99
1228,330,41,1,119.99,119.99
1229,331,40,3,24.99,74.97
1230,331,38,2,39.99,79.98
1231,331,37,2,29.99,59.98
1232,331,39,2,79.99,159.98
1233,332,1,2,12.99,25.98
1234,332,2,2,5.49,10.98
1235,332,4,3,4.99,14.97
1236,332,9,3,1.75,5.25
1237,332,3,1,8.99,8.99
1238,332,7,3,1.35,4.05
1239,332,8,1,2.5,2.5
1240,332,6,2,1.2,2.4
1241,333,20,1,6.0,6.0
1242,333,19,3,1.75,5.25
1243,333,18,1,2.0,2.0
1244,333,5,3,3.49,10.47
1245,333,4,1,4.99,4.99
1246,334,19,3,1.75,5.25
1247,334,15,3,2.25,6.75
1248,334,18,1,2.0,2.0
1249,334,11,3,3.0,9.0
1250,334,14,3,4.5,13.5
1251,334,9,3,1.75,5.25
1252,334,8,2,2.5,5.0
1253,335,3,2,8.99,17.98
1254,335,5,3,3.49,10.47
1255,335,18,3,2.0,6.0
1256,335,1,1,12.99,12.99
1257,335,20,1,6.0,6.0
1258,335,19,1,1.75,1.75
1259,335,4,1,4.99,4.99
1260,335,2,3,5.49,16.47
1261,336,26,1,309.0,309.0
1262,336,24,1,349.0,349.0
1263,336,23,1,449.0,449.0
1264,336,25,1,379.0,379.0
1265,337,39,3,79.99,239.97
1266,337,37,3,29.99,89.97
1267,337,41,2,119.99,239.98
1268,337,40,1,24.99,24.99
1269,338,12,1,6.5,6.5
1270,339,30,2,89.99,179.98
1271,339,31,3,24.99,74.97
1272,339,28,1,49.99,49.99
1273,340,30,3,89.99,269.97
1274,340,28,1,49.99,49.99
1275,340,31,1,24.99,24.99
1276,341,27,3,149.99,449.97
1277,341,28,2,49.99,99.98
1278,342,9,3,1.75,5.25
1279,342,8,1,2.5,2.5
1280,342,4,3,4.99,14.97
1281,342,3,2,8.99,17.98
1282,342,2,3,5.49,16.47
1283,342,5,1,3.49,3.49
1284,342,7,3,1.35,4.05
1285,343,32,3,149.99,449.97
1286,344,3,2,8.99,17.98
1287,344,5,3,3.49,10.47
1288,345,21,2,1.0,2.0
1289,345,1,2,12.99,25.98
1290,345,17,3,2.0,6.0
1291,345,5,2,3.49,6.98
1292,345,20,3,6.0,18.0
1293,346,37,3,29.99,89.97
1294,346,39,3,79.99,239.97
1295,347,1,3,12.99,38.97
1296,347,5,1,3.49,3.49
1297,347,8,2,2.5,5.0
1298,347,2,2,5.49,10.98
1299,347,3,1,8.99,8.99
1300,348,6,3,1.2,3.6
1301,348,15,3,2.25,6.75
1302,349,40,3,24.99,74.97
1303,349,38,1,39.99,39.99
1304,350,25,1,379.0,379.0
1305,350,26,1,309.0,309.0
1306,350,22,1,899.0,899.0
1307,350,23,1,449.0,449.0
1308,351,34,1,29.99,29.99
1309,352,41,2,119.99,239.98
1310,352,38,2,39.99,79.98
1311,352,40,1,24.99,24.99
1312,352,39,3,79.99,239.97
1313,353,31,3,24.99,74.97
1314,353,27,3,149.99,449.97
1315,353,30,2,89.99,179.98
1316,354,34,3,29.99,89.97
1317,354,32,3,149.99,449.97
1318,354,33,2,199.99,399.98
1319,355,11,1,3.0,3.0
1320,355,21,1,1.0,1.0
1321,355,14,2,4.5,9.0
1322,355,6,1,1.2,1.2
1323,355,16,3,2.8,8.4
1324,355,18,1,2.0,2.0
1325,356,37,3,29.99,89.97
1326,356,41,1,119.99,119.99
1327,357,2,2,5.49,10.98
1328,357,3,3,8.99,26.97
1329,358,24,1,349.0,349.0
1330,358,25,1,379.0,379.0
1331,358,26,1,309.0,309.0
1332,359,29,2,39.99,79.98
1333,359,28,1,49.99,49.99
1334,359,27,2,149.99,299.98
1335,360,22,1,899.0,899.0
1336,360,25,1,379.0,379.0
1337,360,26,1,309.0,309.0
1338,360,23,1,449.0,449.0
1339,361,31,2,24.99,49.98
1340,361,27,3,149.99,449.97
1341,362,37,1,29.99,29.99
1342,362,40,3,24.99,74.97
1343,362,41,2,119.99,239.98
1344,362,39,2,79.99,159.98
1345,363,16,2,2.8,5.6
1346,363,7,3,1.35,4.05
1347,363,15,2,2.25,4.5
1348,363,12,1,6.5,6.5
1349,363,2,3,5.49,16.47
1350,363,9,3,1.75,5.25
1351,363,4,2,4.99,9.98
1352,363,1,2,12.99,25.98
1353,364,34,1,29.99,29.99
1354,364,32,3,149.99,449.97
1355,364,33,1,199.99,199.99
1356,364,36,2,19.99,39.98
1357,364,35,3,24.99,74.97
1358,365,32,1,149.99,149.99
1359,365,35,1,24.99,24.99
1360,365,34,1,29.99,29.99
1361,365,36,1,19.99,19.99
1362,366,19,2,1.75,3.5
1363,366,20,1,6.0,6.0
1364,366,21,2,1.0,2.0
1365,366,1,3,12.99,38.97
1366,366,18,1,2.0,2.0
1367,367,4,3,4.99,14.97
1368,367,2,1,5.49,5.49
1369,367,1,2,12.99,25.98
1370,368,5,1,3.49,3.49
1371,368,1,2,12.99,25.98
1372,368,3,1,8.99,8.99
1373,368,11,2,3.0,6.0
1374,369,21,3,1.0,3.0
1375,369,4,2,4.99,9.98
1376,369,2,2,5.49,10.98
1377,369,18,1,2.0,2.0
1378,369,19,3,1.75,5.25
1379,369,20,3,6.0,18.0
1380,369,3,3,8.99,26.97
1381,369,5,1,3.49,3.49
1382,370,22,1,899.0,899.0
1383,370,26,1,309.0,309.0
1384,370,23,1,449.0,449.0
1385,371,23,1,449.0,449.0
1386,371,22,1,899.0,899.0
1387,371,25,1,379.0,379.0
1388,371,24,1,349.0,349.0
1389,372,3,2,8.99,17.98
1390,372,1,3,12.99,38.97
1391,372,15,2,2.25,4.5
1392,372,16,3,2.8,8.4
1393,372,2,1,5.49,5.49
1394,372,11,1,3.0,3.0
1395,372,10,1,2.5,2.5
1396,372,5,3,3.49,10.47
1397,373,22,1,899.0,899.0
1398,373,23,1,449.0,449.0
1399,373,24,1,349.0,349.0
1400,373,25,1,379.0,379.0
1401,373,26,1,309.0,309.0
1402,374,7,3,1.35,4.05
1403,374,2,2,5.49,10.98
1404,374,9,3,1.75,5.25
1405,374,15,3,2.25,6.75
1406,375,10,2,2.5,5.0
1407,375,16,2,2.8,5.6
1408,376,40,2,24.99,49.98
1409,376,39,3,79.99,239.97
1410,377,6,2,1.2,2.4
1411,377,13,3,8.99,26.97
1412,377,1,1,12.99,12.99
1413,378,33,2,199.99,399.98
1414,378,34,1,29.99,29.99
1415,378,32,1,149.99,149.99
1416,378,35,1,24.99,24.99
1417,379,21,2,1.0,2.0
1418,379,19,2,1.75,3.5
1419,379,1,1,12.99,12.99
1420,379,4,2,4.99,9.98
1421,379,2,3,5.49,16.47
1422,379,17,1,2.0,2.0
1423,379,18,3,2.0,6.0
1424,379,20,2,6.0,12.0
1425,380,9,1,1.75,1.75
1426,381,23,1,449.0,449.0
1427,381,24,1,349.0,349.0
1428,381,25,1,379.0,379.0
1429,382,19,3,1.75,5.25
1430,382,21,2,1.0,2.0
1431,383,1,2,12.99,25.98
1432,383,7,2,1.35,2.7
1433,383,6,3,1.2,3.6
1434,383,2,1,5.49,5.49
1435,383,8,3,2.5,7.5
1436,384,2,1,5.49,5.49
1437,384,7,1,1.35,1.35
1438,384,9,3,1.75,5.25
1439,384,15,1,2.25,2.25
1440,384,8,3,2.5,7.5
1441,384,16,3,2.8,8.4
1442,384,12,2,6.5,13.0
1443,384,10,1,2.5,2.5
1444,385,10,2,2.5,5.0
1445,385,3,1,8.99,8.99
1446,385,12,3,6.5,19.5
1447,385,8,2,2.5,5.0
1448,385,16,1,2.8,2.8
1449,385,14,2,4.5,9.0
1450,385,1,3,12.99,38.97
1451,385,13,2,8.99,17.98
1452,386,31,2,24.99,49.98
1453,386,27,2,149.99,299.98
1454,386,28,3,49.99,149.97
1455,387,36,3,19.99,59.97
1456,388,36,1,19.99,19.99
1457,388,32,3,149.99,449.97
1458,388,33,3,199.99,599.97
1459,388,34,3,29.99,89.97
1460,389,21,3,1.0,3.0
1461,389,17,3,2.0,6.0
1462,390,40,2,24.99,49.98
1463,390,39,2,79.99,159.98
1464,390,37,2,29.99,59.98
1465,390,41,3,119.99,359.97
1466,390,38,3,39.99,119.97
1467,391,41,1,119.99,119.99
1468,391,39,2,79.99,159.98
1469,391,40,1,24.99,24.99
1470,391,37,1,29.99,29.99
1471,392,5,2,3.49,6.98
1472,392,2,1,5.49,5.49
1473,392,3,1,8.99,8.99
1474,393,24,1,349.0,349.0
1475,393,25,1,379.0,379.0
1476,393,23,1,449.0,449.0
1477,393,22,1,899.0,899.0
1478,394,36,2,19.99,39.98
1479,394,34,3,29.99,89.97
1480,394,35,3,24.99,74.97
1481,394,33,3,199.99,599.97
1482,395,23,1,449.0,449.0
1483,395,24,1,349.0,349.0
1484,395,22,1,899.0,899.0
1485,396,24,1,349.0,349.0
1486,396,25,1,379.0,379.0
1487,396,22,1,899.0,899.0
1488,397,38,1,39.99,39.99
1489,397,41,1,119.99,119.99
1490,398,6,3,1.2,3.6
1491,398,3,2,8.99,17.98
1492,398,2,2,5.49,10.98
1493,398,5,1,3.49,3.49
1494,398,1,2,12.99,25.98
1495,399,18,2,2.0,4.0
1496,400,26,1,309.0,309.0
1497,401,3,3,8.99,26.97
1498,401,8,2,2.5,5.0
1499,401,9,1,1.75,1.75
1500,401,6,1,1.2,1.2
1501,401,1,3,12.99,38.97
1502,402,17,1,2.0,2.0
1503,402,7,2,1.35,2.7
1504,402,11,1,3.0,3.0
1505,402,6,1,1.2,1.2
1506,402,15,1,2.25,2.25
1507,402,16,3,2.8,8.4
1508,402,9,2,1.75,3.5
1509,402,14,3,4.5,13.5
1510,403,30,3,89.99,269.97
1511,403,29,3,39.99,119.97
1512,404,30,2,89.99,179.98
1513,404,29,2,39.99,79.98
1514,405,4,3,4.99,14.97
1515,405,8,2,2.5,5.0
1516,406,31,1,24.99,24.99
1517,406,27,1,149.99,149.99
1518,407,27,2,149.99,299.98
1519,408,4,2,4.99,9.98
1520,408,3,2,8.99,17.98
1521,408,7,3,1.35,4.05
1522,409,41,1,119.99,119.99
1523,409,40,1,24.99,24.99
1524,409,37,2,29.99,59.98
1525,409,39,2,79.99,159.98
1526,410,30,1,89.99,89.99
1527,410,28,1,49.99,49.99
1528,411,35,2,24.99,49.98
1529,411,36,3,19.99,59.97
1530,411,33,3,199.99,599.97
1531,411,34,3,29.99,89.97
1532,411,32,1,149.99,149.99
1533,412,25,1,379.0,379.0
1534,412,23,1,449.0,449.0
1535,412,26,1,309.0,309.0
1536,413,34,2,29.99,59.98
1537,414,26,1,309.0,309.0
1538,415,39,3,79.99,239.97
1539,415,37,2,29.99,59.98
1540,415,41,1,119.99,119.99
1541,416,28,1,49.99,49.99
1542,416,27,3,149.99,449.97
1543,416,30,1,89.99,89.99
1544,417,3,2,8.99,17.98
1545,417,1,2,12.99,25.98
1546,418,34,3,29.99,89.97
1547,418,32,1,149.99,149.99
1548,419,38,1,39.99,39.99
1549,419,41,2,119.99,239.98
1550,420,1,1,12.99,12.99
1551,420,4,2,4.99,9.98
1552,420,9,1,1.75,1.75
1553,420,7,1,1.35,1.35
1554,420,5,2,3.49,6.98
1555,420,6,3,1.2,3.6
1556,420,2,1,5.49,5.49
1557,421,11,1,3.0,3.0
1558,421,16,1,2.8,2.8
1559,421,21,3,1.0,3.0
1560,421,6,2,1.2,2.4
1561,422,9,3,1.75,5.25
1562,422,19,1,1.75,1.75
1563,423,22,1,899.0,899.0
1564,423,26,1,309.0,309.0
1565,423,25,1,379.0,379.0
1566,423,23,1,449.0,449.0
1567,423,24,1,349.0,349.0
1568,424,25,1,379.0,379.0
1569,424,26,1,309.0,309.0
1570,424,22,1,899.0,899.0
1571,425,2,2,5.49,10.98
1572,425,20,2,6.0,12.0
1573,425,3,1,8.99,8.99
1574,425,4,2,4.99,9.98
1575,425,19,2,1.75,3.5
1576,425,17,2,2.0,4.0
1577,425,1,3,12.99,38.97
1578,425,18,3,2.0,6.0
1579,426,30,2,89.99,179.98
1580,426,28,3,49.99,149.97
1581,426,27,2,149.99,299.98
1582,427,31,2,24.99,49.98
1583,427,27,2,149.99,299.98
1584,427,30,3,89.99,269.97
1585,427,29,3,39.99,119.97
1586,428,12,2,6.5,13.0
1587,428,15,3,2.25,6.75
1588,428,19,2,1.75,3.5
1589,428,21,2,1.0,2.0
1590,428,7,3,1.35,4.05
1591,428,9,3,1.75,5.25
1592,429,31,1,24.99,24.99
1593,429,29,1,39.99,39.99
1594,429,27,2,149.99,299.98
1595,429,28,2,49.99,99.98
1596,430,16,1,2.8,2.8
1597,430,11,1,3.0,3.0
1598,431,20,2,6.0,12.0
1599,431,19,1,1.75,1.75
1600,432,39,2,79.99,159.98
1601,432,37,2,29.99,59.98
1602,432,40,2,24.99,49.98
1603,432,38,2,39.99,79.98
1604,432,41,2,119.99,239.98
1605,433,40,1,24.99,24.99
1606,433,41,2,119.99,239.98
1607,434,8,3,2.5,7.5
1608,434,3,3,8.99,26.97
1609,434,5,2,3.49,6.98
1610,434,1,2,12.99,25.98
1611,434,4,2,4.99,9.98
1612,434,9,1,1.75,1.75
1613,434,2,1,5.49,5.49
1614,434,7,3,1.35,4.05
1615,435,13,2,8.99,17.98
1616,435,2,1,5.49,5.49
1617,435,7,3,1.35,4.05
1618,435,6,1,1.2,1.2
1619,435,16,1,2.8,2.8
1620,435,14,1,4.5,4.5
1621,436,39,1,79.99,79.99
1622,437,31,3,24.99,74.97
1623,437,30,1,89.99,89.99
1624,437,28,2,49.99,99.98
1625,437,27,2,149.99,299.98
1626,437,29,3,39.99,119.97
1627,438,17,3,2.0,6.0
1628,438,19,2,1.75,3.5
1629,438,21,2,1.0,2.0
1630,438,2,2,5.49,10.98
1631,439,14,1,4.5,4.5
1632,439,6,3,1.2,3.6
1633,439,10,3,2.5,7.5
1634,439,15,1,2.25,2.25
1635,439,12,3,6.5,19.5
1636,440,41,3,119.99,359.97
1637,441,39,2,79.99,159.98
1638,441,40,2,24.99,49.98
1639,441,41,2,119.99,239.98
1640,441,38,3,39.99,119.97
1641,441,37,3,29.99,89.97
1642,442,25,1,379.0,379.0
1643,442,23,1,449.0,449.0
1644,442,24,1,349.0,349.0
1645,442,26,1,309.0,309.0
1646,442,22,1,899.0,899.0
1647,443,12,1,6.5,6.5
1648,443,8,3,2.5,7.5
1649,443,3,3,8.99,26.97
1650,443,4,2,4.99,9.98
1651,444,14,1,4.5,4.5
1652,444,19,2,1.75,3.5
1653,444,10,1,2.5,2.5
1654,444,16,1,2.8,2.8
1655,444,8,1,2.5,2.5
1656,444,20,1,6.0,6.0
1657,444,15,1,2.25,2.25
1658,445,27,1,149.99,149.99
1659,445,28,1,49.99,49.99
1660,445,31,2,24.99,49.98
1661,445,30,2,89.99,179.98
1662,446,1,1,12.99,12.99
1663,447,27,1,149.99,149.99
1664,447,30,1,89.99,89.99
1665,447,29,1,39.99,39.99
1666,448,37,2,29.99,59.98
1667,448,38,2,39.99,79.98
1668,448,39,3,79.99,239.97
1669,448,41,3,119.99,359.97
1670,449,9,2,1.75,3.5
1671,449,8,2,2.5,5.0
1672,449,21,2,1.0,2.0
1673,450,34,3,29.99,89.97
1674,451,25,1,379.0,379.0
1675,451,24,1,349.0,349.0
1676,451,23,1,449.0,449.0
1677,452,18,3,2.0,6.0
1678,452,10,1,2.5,2.5
1679,452,16,3,2.8,8.4
1680,452,17,1,2.0,2.0
1681,452,11,2,3.0,6.0
1682,453,38,2,39.99,79.98
1683,454,32,2,149.99,299.98
1684,454,34,3,29.99,89.97
1685,454,36,2,19.99,39.98
1686,454,33,2,199.99,399.98
1687,455,37,3,29.99,89.97
1688,455,39,1,79.99,79.99
1689,455,38,1,39.99,39.99
1690,455,40,3,24.99,74.97
1691,455,41,3,119.99,359.97
1692,456,7,1,1.35,1.35
1693,456,11,1,3.0,3.0
1694,456,5,3,3.49,10.47
1695,456,6,3,1.2,3.6
1696,456,10,3,2.5,7.5
1697,456,2,1,5.49,5.49
1698,456,15,3,2.25,6.75
1699,457,23,1,449.0,449.0
1700,457,24,1,349.0,349.0
1701,457,26,1,309.0,309.0
1702,458,31,3,24.99,74.97
1703,458,28,3,49.99,149.97
1704,458,27,3,149.99,449.97
1705,458,29,3,39.99,119.97
1706,459,11,3,3.0,9.0
1707,459,6,2,1.2,2.4
1708,459,12,1,6.5,6.5
1709,459,15,1,2.25,2.25
1710,459,19,2,1.75,3.5
1711,460,30,1,89.99,89.99
1712,460,27,2,149.99,299.98
1713,460,31,2,24.99,49.98
1714,460,29,3,39.99,119.97
1715,461,12,1,6.5,6.5
1716,461,21,2,1.0,2.0
1717,461,8,2,2.5,5.0
1718,461,20,1,6.0,6.0
1719,461,19,3,1.75,5.25
1720,462,1,1,12.99,12.99
1721,462,8,2,2.5,5.0
1722,463,31,3,24.99,74.97
1723,463,29,1,39.99,39.99
1724,463,27,1,149.99,149.99
1725,463,30,2,89.99,179.98
1726,464,9,3,1.75,5.25
1727,465,22,1,899.0,899.0
1728,465,23,1,449.0,449.0
1729,465,25,1,379.0,379.0
1730,465,26,1,309.0,309.0
1731,465,24,1,349.0,349.0
1732,466,35,1,24.99,24.99
1733,466,33,1,199.99,199.99
1734,466,36,2,19.99,39.98
1735,466,32,2,149.99,299.98
1736,466,34,3,29.99,89.97
1737,467,39,1,79.99,79.99
1738,467,40,3,24.99,74.97
1739,467,37,3,29.99,89.97
1740,467,38,3,39.99,119.97
1741,467,41,2,119.99,239.98
1742,468,25,1,379.0,379.0
1743,469,8,2,2.5,5.0
1744,470,2,1,5.49,5.49
1745,470,17,2,2.0,4.0
1746,470,21,1,1.0,1.0
1747,471,11,2,3.0,6.0
1748,472,1,1,12.99,12.99
1749,472,5,2,3.49,6.98
1750,472,2,1,5.49,5.49
1751,472,4,1,4.99,4.99
1752,472,3,1,8.99,8.99
1753,472,20,2,6.0,12.0
1754,473,2,1,5.49,5.49
1755,473,11,1,3.0,3.0
1756,473,10,1,2.5,2.5
1757,473,8,3,2.5,7.5
1758,473,6,2,1.2,2.4
1759,473,14,2,4.5,9.0
1760,474,30,2,89.99,179.98
1761,475,18,2,2.0,4.0
1762,475,21,3,1.0,3.0
1763,475,12,3,6.5,19.5
1764,476,38,3,39.99,119.97
1765,476,39,1,79.99,79.99
1766,476,40,2,24.99,49.98
1767,476,37,2,29.99,59.98
1768,476,41,2,119.99,239.98
1769,477,33,1,199.99,199.99
1770,477,35,3,24.99,74.97
1771,477,34,2,29.99,59.98
1772,477,36,2,19.99,39.98
1773,477,32,3,149.99,449.97
1774,478,19,2,1.75,3.5
1775,478,18,1,2.0,2.0
1776,478,2,1,5.49,5.49
1777,478,20,3,6.0,18.0
1778,478,4,2,4.99,9.98
1779,479,2,1,5.49,5.49
1780,479,9,3,1.75,5.25
1781,480,39,1,79.99,79.99
1782,480,37,1,29.99,29.99
1783,480,41,3,119.99,359.97
1784,481,27,2,149.99,299.98
1785,482,5,3,3.49,10.47
1786,482,6,1,1.2,1.2
1787,482,7,2,1.35,2.7
1788,482,2,3,5.49,16.47
1789,482,8,1,2.5,2.5
1790,482,9,1,1.75,1.75
1791,482,1,2,12.99,25.98
1792,482,4,1,4.99,4.99
1793,483,6,1,1.2,1.2
1794,483,7,1,1.35,1.35
1795,483,8,1,2.5,2.5
1796,483,3,1,8.99,8.99
1797,483,1,1,12.99,12.99
1798,484,10,2,2.5,5.0
1799,484,16,2,2.8,5.6
1800,484,9,1,1.75,1.75
1801,484,12,2,6.5,13.0
1802,484,20,2,6.0,12.0
1803,484,14,1,4.5,4.5
1804,484,19,1,1.75,1.75
1805,484,7,1,1.35,1.35
1806,485,8,3,2.5,7.5
1807,486,1,2,12.99,25.98
1808,486,2,3,5.49,16.47
1809,486,11,3,3.0,9.0
1810,486,12,3,6.5,19.5
1811,486,7,3,1.35,4.05
1812,486,13,3,8.99,26.97
1813,487,4,2,4.99,9.98
1814,487,1,3,12.99,38.97
1815,487,5,2,3.49,6.98
1816,487,8,2,2.5,5.0
1817,487,9,1,1.75,1.75
1818,487,3,2,8.99,17.98
1819,487,7,3,1.35,4.05
1820,487,6,3,1.2,3.6
1821,488,40,2,24.99,49.98
1822,488,39,1,79.99,79.99
1823,489,5,3,3.49,10.47
1824,489,7,3,1.35,4.05
1825,489,4,3,4.99,14.97
1826,490,8,1,2.5,2.5
1827,490,16,1,2.8,2.8
1828,490,13,3,8.99,26.97
1829,490,21,2,1.0,2.0
1830,490,18,1,2.0,2.0
1831,491,6,2,1.2,2.4
1832,492,22,1,899.0,899.0
1833,492,26,1,309.0,309.0
1834,492,23,1,449.0,449.0
1835,492,24,1,349.0,349.0
1836,492,25,1,379.0,379.0
1837,493,6,2,1.2,2.4
1838,493,9,1,1.75,1.75
1839,493,7,3,1.35,4.05
1840,493,1,3,12.99,38.97
1841,493,5,3,3.49,10.47
1842,494,2,3,5.49,16.47
1843,494,9,1,1.75,1.75
1844,495,11,2,3.0,6.0
1845,495,17,3,2.0,6.0
1846,495,10,1,2.5,2.5
1847,495,20,1,6.0,6.0
1848,495,13,3,8.99,26.97
1849,495,14,2,4.5,9.0
1850,496,1,1,12.99,12.99
1851,496,4,1,4.99,4.99
1852,496,7,2,1.35,2.7
1853,496,8,2,2.5,5.0
1854,496,3,3,8.99,26.97
1855,496,5,2,3.49,6.98
1856,496,6,2,1.2,2.4
1857,497,28,2,49.99,99.98
1858,497,30,2,89.99,179.98
1859,498,1,2,12.99,25.98
1860,498,2,2,5.49,10.98
1861,498,9,2,1.75,3.5
1862,499,28,3,49.99,149.97
1863,500,39,3,79.99,239.97
1864,500,37,3,29.99,89.97
1865,500,38,1,39.99,39.99
